<?xml version='1.0' encoding='UTF-8'?><!-- Published by JAX-WS RI at http://jax-ws.dev.java.net. RI's version is JAX-WS RI 2.2-hudson-740-. --><xs:schema xmlns:tns="http://ilm.eng.ox.ac.uk/" xmlns:xs="http://www.w3.org/2001/XMLSchema" version="1.0" targetNamespace="http://ilm.eng.ox.ac.uk/">

<xs:element name="getCacheInfo" type="tns:getCacheInfo" />

<xs:element name="getCacheInfoResponse" type="tns:getCacheInfoResponse" />

<xs:element name="getClosedProjectIDs" type="tns:getClosedProjectIDs" />

<xs:element name="getClosedProjectIDsResponse" type="tns:getClosedProjectIDsResponse" />

<xs:element name="getComputationData" type="tns:getComputationData" />

<xs:element name="getComputationDataResponse" type="tns:getComputationDataResponse" />

<xs:element name="getComputationDocuments" type="tns:getComputationDocuments" />

<xs:element name="getComputationDocumentsResponse" type="tns:getComputationDocumentsResponse" />

<xs:element name="getComputationImages" type="tns:getComputationImages" />

<xs:element name="getComputationImagesResponse" type="tns:getComputationImagesResponse" />

<xs:element name="getComputationLoadingData" type="tns:getComputationLoadingData" />

<xs:element name="getComputationLoadingDataResponse" type="tns:getComputationLoadingDataResponse" />

<xs:element name="getComputationVideos" type="tns:getComputationVideos" />

<xs:element name="getComputationVideosResponse" type="tns:getComputationVideosResponse" />

<xs:element name="getExperimentData" type="tns:getExperimentData" />

<xs:element name="getExperimentDataResponse" type="tns:getExperimentDataResponse" />

<xs:element name="getExperimentDocuments" type="tns:getExperimentDocuments" />

<xs:element name="getExperimentDocumentsResponse" type="tns:getExperimentDocumentsResponse" />

<xs:element name="getExperimentImages" type="tns:getExperimentImages" />

<xs:element name="getExperimentImagesResponse" type="tns:getExperimentImagesResponse" />

<xs:element name="getExperimentLoadingData" type="tns:getExperimentLoadingData" />

<xs:element name="getExperimentLoadingDataResponse" type="tns:getExperimentLoadingDataResponse" />

<xs:element name="getExperimentVideos" type="tns:getExperimentVideos" />

<xs:element name="getExperimentVideosResponse" type="tns:getExperimentVideosResponse" />

<xs:element name="getProjectData" type="tns:getProjectData" />

<xs:element name="getProjectDataResponse" type="tns:getProjectDataResponse" />

<xs:element name="getProjectDocuments" type="tns:getProjectDocuments" />

<xs:element name="getProjectDocumentsResponse" type="tns:getProjectDocumentsResponse" />

<xs:element name="getProjectIDs" type="tns:getProjectIDs" />

<xs:element name="getProjectIDsResponse" type="tns:getProjectIDsResponse" />

<xs:element name="getSpecimenData" type="tns:getSpecimenData" />

<xs:element name="getSpecimenDataResponse" type="tns:getSpecimenDataResponse" />

<xs:element name="getSpecimenDocuments" type="tns:getSpecimenDocuments" />

<xs:element name="getSpecimenDocumentsResponse" type="tns:getSpecimenDocumentsResponse" />

<xs:element name="getSpecimenImages" type="tns:getSpecimenImages" />

<xs:element name="getSpecimenImagesResponse" type="tns:getSpecimenImagesResponse" />

<xs:element name="getStructuralComponentData" type="tns:getStructuralComponentData" />

<xs:element name="getStructuralComponentDataResponse" type="tns:getStructuralComponentDataResponse" />

<xs:element name="getVersion" type="tns:getVersion" />

<xs:element name="getVersionResponse" type="tns:getVersionResponse" />

<xs:element name="operationCompleted" type="tns:operationCompleted" />

<xs:element name="operationCompletedResponse" type="tns:operationCompletedResponse" />

<xs:element name="testMe" type="tns:testMe" />

<xs:element name="testMeResponse" type="tns:testMeResponse" />

<xs:element name="testMyKR" type="tns:testMyKR" />

<xs:element name="testMyKRResponse" type="tns:testMyKRResponse" />

<xs:complexType name="getComputationImages">
<xs:sequence>
<xs:element name="idComputation" type="xs:string" minOccurs="0" />
</xs:sequence>
</xs:complexType>

<xs:complexType name="getComputationImagesResponse">
<xs:sequence>
<xs:element name="return" type="tns:image" minOccurs="0" maxOccurs="unbounded" />
</xs:sequence>
</xs:complexType>

<xs:complexType name="image">
<xs:sequence>
<xs:element name="documentRole" type="xs:string" minOccurs="0" />
<xs:element name="idImage" type="xs:string" minOccurs="0" />
<xs:element name="imageAuthor" type="xs:string" minOccurs="0" />
<xs:element name="imageDate" type="xs:dateTime" minOccurs="0" />
<xs:element name="imageFormat" type="xs:string" minOccurs="0" />
<xs:element name="imageName" type="xs:string" minOccurs="0" />
<xs:element name="imageSize" type="xs:double" />
<xs:element name="privacy" type="xs:string" minOccurs="0" />
<xs:element name="summary" type="xs:string" minOccurs="0" />
</xs:sequence>
</xs:complexType>

<xs:complexType name="testMe">
<xs:sequence />
</xs:complexType>

<xs:complexType name="testMeResponse">
<xs:sequence>
<xs:element name="return" type="xs:anyType" minOccurs="0" maxOccurs="unbounded" />
</xs:sequence>
</xs:complexType>

<xs:complexType name="getComputationData">
<xs:sequence>
<xs:element name="idComputation" type="xs:string" minOccurs="0" />
</xs:sequence>
</xs:complexType>

<xs:complexType name="getComputationDataResponse">
<xs:sequence>
<xs:element name="return" type="tns:computation" minOccurs="0" />
</xs:sequence>
</xs:complexType>

<xs:complexType name="computation">
<xs:complexContent>
<xs:extension base="tns:experimentComputation">
<xs:sequence>
<xs:element name="computerSystem" type="xs:string" nillable="true" minOccurs="0" maxOccurs="unbounded" />
<xs:element name="meshModelCollection" type="tns:meshModel" nillable="true" minOccurs="0" maxOccurs="unbounded" />
</xs:sequence>
</xs:extension>
</xs:complexContent>
</xs:complexType>

<xs:complexType name="experimentComputation">
<xs:sequence>
<xs:element name="detailedLoadingCharacteristics" type="tns:detLoadChar" nillable="true" minOccurs="0" maxOccurs="unbounded" />
<xs:element name="expCompName" type="xs:string" minOccurs="0" />
<xs:element name="expCompType" type="xs:string" minOccurs="0" />
<xs:element name="experimentComputationDate" type="xs:dateTime" minOccurs="0" />
<xs:element name="experimentComputationDocuments" type="tns:document" nillable="true" minOccurs="0" maxOccurs="unbounded" />
<xs:element name="experimentComputationImages" type="tns:image" nillable="true" minOccurs="0" maxOccurs="unbounded" />
<xs:element name="experimentComputationPerson" type="tns:person" nillable="true" minOccurs="0" maxOccurs="unbounded" />
<xs:element name="experimentComputationVideos" type="tns:video" nillable="true" minOccurs="0" maxOccurs="unbounded" />
<xs:element name="idExpComp" type="xs:string" minOccurs="0" />
<xs:element name="numberOfRepetitions" type="xs:short" />
<xs:element name="outputSignals" type="tns:signal" nillable="true" minOccurs="0" maxOccurs="unbounded" />
<xs:element name="peakExcitationUnit" type="xs:string" minOccurs="0" />
<xs:element name="peakExcitationValue" type="xs:double" />
<xs:element name="privacy" type="xs:string" minOccurs="0" />
</xs:sequence>
</xs:complexType>

<xs:complexType name="meshModel">
<xs:sequence>
<xs:element name="materialNonlinearity" type="xs:string" minOccurs="0" />
<xs:element name="materialSymmetryType" type="xs:string" minOccurs="0" />
<xs:element name="meshModelDocumentList" type="tns:document" nillable="true" minOccurs="0" maxOccurs="unbounded" />
<xs:element name="meshModelImageList" type="tns:image" nillable="true" minOccurs="0" maxOccurs="unbounded" />
<xs:element name="meshModelMaterialList" type="tns:material" nillable="true" minOccurs="0" maxOccurs="unbounded" />
<xs:element name="meshModelName" type="xs:string" minOccurs="0" />
</xs:sequence>
</xs:complexType>

<xs:complexType name="document">
<xs:sequence>
<xs:element name="documentAbstract" type="xs:string" minOccurs="0" />
<xs:element name="documentAuthor" type="xs:string" minOccurs="0" />
<xs:element name="documentDate" type="xs:dateTime" minOccurs="0" />
<xs:element name="documentFormat" type="xs:string" minOccurs="0" />
<xs:element name="documentRole" type="xs:string" minOccurs="0" />
<xs:element name="documentSize" type="xs:double" />
<xs:element name="documentTitle" type="xs:string" minOccurs="0" />
<xs:element name="idDocument" type="xs:string" minOccurs="0" />
<xs:element name="privacy" type="xs:string" minOccurs="0" />
<xs:element name="scope" type="xs:string" minOccurs="0" />
</xs:sequence>
</xs:complexType>

<xs:complexType name="material">
<xs:sequence>
<xs:element name="actualMeanPropertyList" type="tns:actualMeanProperty" nillable="true" minOccurs="0" maxOccurs="unbounded" />
<xs:element name="idMaterial" type="xs:string" minOccurs="0" />
<xs:element name="materialDocumentList" type="tns:document" nillable="true" minOccurs="0" maxOccurs="unbounded" />
<xs:element name="materialName" type="xs:string" minOccurs="0" />
<xs:element name="nominalPropertyList" type="tns:nominalProperty" nillable="true" minOccurs="0" maxOccurs="unbounded" />
</xs:sequence>
</xs:complexType>

<xs:complexType name="actualMeanProperty">
<xs:sequence>
<xs:element name="actualMeanPropertyDocumentList" type="tns:document" nillable="true" minOccurs="0" maxOccurs="unbounded" />
<xs:element name="actualMeanPropertyName" type="xs:string" minOccurs="0" />
<xs:element name="actualMeanPropertyUnit" type="xs:string" minOccurs="0" />
<xs:element name="actualMeanPropertyValue" type="xs:double" minOccurs="0" />
<xs:element name="numberOfSamples" type="xs:short" minOccurs="0" />
<xs:element name="observations" type="xs:string" minOccurs="0" />
<xs:element name="valueVectorX" type="xs:base64Binary" minOccurs="0" />
<xs:element name="valueVectorY" type="xs:base64Binary" minOccurs="0" />
</xs:sequence>
</xs:complexType>

<xs:complexType name="nominalProperty">
<xs:sequence>
<xs:element name="nominalPropertyDocumentList" type="tns:document" nillable="true" minOccurs="0" maxOccurs="unbounded" />
<xs:element name="nominalPropertyName" type="xs:string" minOccurs="0" />
<xs:element name="nominalPropertyUnit" type="xs:string" minOccurs="0" />
<xs:element name="nominalPropertyValue" type="xs:double" />
<xs:element name="observations" type="xs:string" minOccurs="0" />
<xs:element name="valueVectorX" type="xs:base64Binary" minOccurs="0" />
<xs:element name="valueVectorY" type="xs:base64Binary" minOccurs="0" />
</xs:sequence>
</xs:complexType>

<xs:complexType name="detLoadChar">
<xs:sequence>
<xs:element name="additionalParameter" type="xs:string" minOccurs="0" />
<xs:element name="listOriginalLoadingSignals" type="tns:originalLoadingSignal" nillable="true" minOccurs="0" maxOccurs="unbounded" />
<xs:element name="loadingCoefficient" type="xs:float" />
<xs:element name="nominalLoadingName" type="xs:string" minOccurs="0" />
<xs:element name="notes" type="xs:string" minOccurs="0" />
</xs:sequence>
</xs:complexType>

<xs:complexType name="originalLoadingSignal">
<xs:sequence>
<xs:element name="direction" type="xs:string" minOccurs="0" />
<xs:element name="effectiveInputSignal" type="tns:signal" minOccurs="0" />
<xs:element name="loadingCoefficient" type="xs:float" />
<xs:element name="nature" type="xs:string" minOccurs="0" />
<xs:element name="originalLoadingName" type="xs:string" minOccurs="0" />
<xs:element name="originalLoadingSignalDocumentList" type="tns:document" nillable="true" minOccurs="0" maxOccurs="unbounded" />
<xs:element name="peakExcitationUnit" type="xs:string" minOccurs="0" />
<xs:element name="peakExcitationValue" type="xs:double" />
<xs:element name="signal" type="tns:signal" minOccurs="0" />
<xs:element name="source" type="xs:string" minOccurs="0" />
</xs:sequence>
</xs:complexType>

<xs:complexType name="signal">
<xs:sequence>
<xs:element name="attribute" type="xs:string" minOccurs="0" />
<xs:element name="direction" type="xs:string" minOccurs="0" />
<xs:element name="idSignal" type="xs:string" minOccurs="0" />
<xs:element name="location" type="xs:string" minOccurs="0" />
<xs:element name="physicalQuantity" type="xs:string" minOccurs="0" />
<xs:element name="privacy" type="xs:string" minOccurs="0" />
<xs:element name="repetitionNumber" type="xs:short" minOccurs="0" />
<xs:element name="signalLabel" type="xs:string" minOccurs="0" />
<xs:element name="type" type="xs:string" minOccurs="0" />
<xs:element name="unit" type="xs:string" minOccurs="0" />
</xs:sequence>
</xs:complexType>

<xs:complexType name="person">
<xs:sequence>
<xs:element name="familyName" type="xs:string" minOccurs="0" />
<xs:element name="idPerson" type="xs:string" minOccurs="0" />
<xs:element name="institution" type="tns:institution" minOccurs="0" />
<xs:element name="role" type="xs:string" minOccurs="0" />
</xs:sequence>
</xs:complexType>

<xs:complexType name="institution">
<xs:sequence>
<xs:element name="institutionAcronym" type="xs:string" minOccurs="0" />
<xs:element name="institutionName" type="xs:string" minOccurs="0" />
</xs:sequence>
</xs:complexType>

<xs:complexType name="video">
<xs:sequence>
<xs:element name="idVideo" type="xs:string" minOccurs="0" />
<xs:element name="privacy" type="xs:string" minOccurs="0" />
<xs:element name="summary" type="xs:string" minOccurs="0" />
<xs:element name="videoDate" type="xs:dateTime" minOccurs="0" />
<xs:element name="videoFormat" type="xs:string" minOccurs="0" />
<xs:element name="videoName" type="xs:string" minOccurs="0" />
<xs:element name="videoRole" type="xs:string" minOccurs="0" />
<xs:element name="videoSize" type="xs:double" />
</xs:sequence>
</xs:complexType>

<xs:complexType name="getSpecimenImages">
<xs:sequence>
<xs:element name="idSpecimen" type="xs:string" minOccurs="0" />
</xs:sequence>
</xs:complexType>

<xs:complexType name="getSpecimenImagesResponse">
<xs:sequence>
<xs:element name="return" type="tns:image" minOccurs="0" maxOccurs="unbounded" />
</xs:sequence>
</xs:complexType>

<xs:complexType name="testMyKR">
<xs:sequence />
</xs:complexType>

<xs:complexType name="testMyKRResponse">
<xs:sequence>
<xs:element name="return" type="xs:anyType" minOccurs="0" maxOccurs="unbounded" />
</xs:sequence>
</xs:complexType>

<xs:complexType name="getStructuralComponentData">
<xs:sequence>
<xs:element name="idSpecimen" type="xs:string" minOccurs="0" />
</xs:sequence>
</xs:complexType>

<xs:complexType name="getStructuralComponentDataResponse">
<xs:sequence>
<xs:element name="return" type="tns:structuralComponent" minOccurs="0" maxOccurs="unbounded" />
</xs:sequence>
</xs:complexType>

<xs:complexType name="structuralComponent">
<xs:sequence>
<xs:element name="materialDescription" type="xs:string" minOccurs="0" />
<xs:element name="structuralComponentDocumentList" type="tns:document" nillable="true" minOccurs="0" maxOccurs="unbounded" />
<xs:element name="structuralComponentMaterialList" type="tns:material" nillable="true" minOccurs="0" maxOccurs="unbounded" />
<xs:element name="structuralComponentName" type="xs:string" minOccurs="0" />
<xs:element name="structuralComponentType" type="xs:string" minOccurs="0" />
</xs:sequence>
</xs:complexType>

<xs:complexType name="getSpecimenData">
<xs:sequence>
<xs:element name="idSpecimen" type="xs:string" minOccurs="0" />
</xs:sequence>
</xs:complexType>

<xs:complexType name="getSpecimenDataResponse">
<xs:sequence>
<xs:element name="return" type="tns:specimen" minOccurs="0" />
</xs:sequence>
</xs:complexType>

<xs:complexType name="specimen">
<xs:sequence>
<xs:element name="computationIDs" type="xs:int" nillable="true" minOccurs="0" maxOccurs="unbounded" />
<xs:element name="experimentIDs" type="xs:int" nillable="true" minOccurs="0" maxOccurs="unbounded" />
<xs:element name="idSpecimen" type="xs:string" minOccurs="0" />
<xs:element name="maxDepth" type="xs:double" />
<xs:element name="maxHeight" type="xs:double" />
<xs:element name="maxLength" type="xs:double" />
<xs:element name="maxWidth" type="xs:double" />
<xs:element name="privacy" type="xs:string" minOccurs="0" />
<xs:element name="scalingList" type="tns:scaling" nillable="true" minOccurs="0" maxOccurs="unbounded" />
<xs:element name="specimenDocuments" type="tns:document" nillable="true" minOccurs="0" maxOccurs="unbounded" />
<xs:element name="specimenImages" type="tns:image" nillable="true" minOccurs="0" maxOccurs="unbounded" />
<xs:element name="specimenMass" type="xs:double" />
<xs:element name="specimenName" type="xs:string" minOccurs="0" />
<xs:element name="structuralComponents" type="tns:structuralComponent" nillable="true" minOccurs="0" maxOccurs="unbounded" />
</xs:sequence>
</xs:complexType>

<xs:complexType name="scaling">
<xs:sequence>
<xs:element name="prototypeModelratio" type="xs:double" />
<xs:element name="scaledPropertyName" type="xs:string" minOccurs="0" />
</xs:sequence>
</xs:complexType>

<xs:complexType name="getExperimentVideos">
<xs:sequence>
<xs:element name="idExperiment" type="xs:string" minOccurs="0" />
</xs:sequence>
</xs:complexType>

<xs:complexType name="getExperimentVideosResponse">
<xs:sequence>
<xs:element name="return" type="tns:video" minOccurs="0" maxOccurs="unbounded" />
</xs:sequence>
</xs:complexType>

<xs:complexType name="getExperimentImages">
<xs:sequence>
<xs:element name="idExperiment" type="xs:string" minOccurs="0" />
</xs:sequence>
</xs:complexType>

<xs:complexType name="getExperimentImagesResponse">
<xs:sequence>
<xs:element name="return" type="tns:image" minOccurs="0" maxOccurs="unbounded" />
</xs:sequence>
</xs:complexType>

<xs:complexType name="getExperimentLoadingData">
<xs:sequence>
<xs:element name="idExperiment" type="xs:string" minOccurs="0" />
</xs:sequence>
</xs:complexType>

<xs:complexType name="getExperimentLoadingDataResponse">
<xs:sequence>
<xs:element name="return" type="tns:detLoadChar" minOccurs="0" maxOccurs="unbounded" />
</xs:sequence>
</xs:complexType>

<xs:complexType name="getVersion">
<xs:sequence />
</xs:complexType>

<xs:complexType name="getVersionResponse">
<xs:sequence>
<xs:element name="return" type="xs:string" minOccurs="0" maxOccurs="unbounded" />
</xs:sequence>
</xs:complexType>

<xs:complexType name="getCacheInfo">
<xs:sequence />
</xs:complexType>

<xs:complexType name="getCacheInfoResponse">
<xs:sequence>
<xs:element name="return" type="tns:cacheInfo" minOccurs="0" />
</xs:sequence>
</xs:complexType>

<xs:complexType name="cacheInfo">
<xs:sequence>
<xs:element name="cacheVersion" type="xs:string" minOccurs="0" />
<xs:element name="creationTime" type="xs:dateTime" minOccurs="0" />
<xs:element name="status" type="xs:string" minOccurs="0" />
<xs:element name="version" type="xs:string" minOccurs="0" />
</xs:sequence>
</xs:complexType>

<xs:complexType name="getComputationDocuments">
<xs:sequence>
<xs:element name="idComputation" type="xs:string" minOccurs="0" />
</xs:sequence>
</xs:complexType>

<xs:complexType name="getComputationDocumentsResponse">
<xs:sequence>
<xs:element name="return" type="tns:document" minOccurs="0" maxOccurs="unbounded" />
</xs:sequence>
</xs:complexType>

<xs:complexType name="getProjectIDs">
<xs:sequence />
</xs:complexType>

<xs:complexType name="getProjectIDsResponse">
<xs:sequence>
<xs:element name="return" type="xs:anyType" minOccurs="0" maxOccurs="unbounded" />
</xs:sequence>
</xs:complexType>

<xs:complexType name="getSpecimenDocuments">
<xs:sequence>
<xs:element name="idSpecimen" type="xs:string" minOccurs="0" />
</xs:sequence>
</xs:complexType>

<xs:complexType name="getSpecimenDocumentsResponse">
<xs:sequence>
<xs:element name="return" type="tns:document" minOccurs="0" maxOccurs="unbounded" />
</xs:sequence>
</xs:complexType>

<xs:complexType name="getExperimentData">
<xs:sequence>
<xs:element name="idExperiment" type="xs:string" minOccurs="0" />
</xs:sequence>
</xs:complexType>

<xs:complexType name="getExperimentDataResponse">
<xs:sequence>
<xs:element name="return" type="tns:experiment" minOccurs="0" />
</xs:sequence>
</xs:complexType>

<xs:complexType name="experiment">
<xs:complexContent>
<xs:extension base="tns:experimentComputation">
<xs:sequence />
</xs:extension>
</xs:complexContent>
</xs:complexType>

<xs:complexType name="getExperimentDocuments">
<xs:sequence>
<xs:element name="idExperiment" type="xs:string" minOccurs="0" />
</xs:sequence>
</xs:complexType>

<xs:complexType name="getExperimentDocumentsResponse">
<xs:sequence>
<xs:element name="return" type="tns:document" minOccurs="0" maxOccurs="unbounded" />
</xs:sequence>
</xs:complexType>

<xs:complexType name="getClosedProjectIDs">
<xs:sequence />
</xs:complexType>

<xs:complexType name="getClosedProjectIDsResponse">
<xs:sequence>
<xs:element name="return" type="xs:string" minOccurs="0" maxOccurs="unbounded" />
</xs:sequence>
</xs:complexType>

<xs:complexType name="getComputationVideos">
<xs:sequence>
<xs:element name="idComputation" type="xs:string" minOccurs="0" />
</xs:sequence>
</xs:complexType>

<xs:complexType name="getComputationVideosResponse">
<xs:sequence>
<xs:element name="return" type="tns:video" minOccurs="0" maxOccurs="unbounded" />
</xs:sequence>
</xs:complexType>

<xs:complexType name="getProjectData">
<xs:sequence>
<xs:element name="idProject" type="xs:string" minOccurs="0" />
</xs:sequence>
</xs:complexType>

<xs:complexType name="getProjectDataResponse">
<xs:sequence>
<xs:element name="return" type="tns:project" minOccurs="0" />
</xs:sequence>
</xs:complexType>

<xs:complexType name="project">
<xs:sequence>
<xs:element name="acronym" type="xs:string" minOccurs="0" />
<xs:element name="fundingOrganization" type="xs:string" minOccurs="0" />
<xs:element name="idProject" type="xs:string" minOccurs="0" />
<xs:element name="infrastructure" type="tns:infrastructure" nillable="true" minOccurs="0" maxOccurs="unbounded" />
<xs:element name="privacy" type="xs:string" minOccurs="0" />
<xs:element name="projectDescription" type="xs:string" minOccurs="0" />
<xs:element name="projectDocuments" type="tns:document" nillable="true" minOccurs="0" maxOccurs="unbounded" />
<xs:element name="projectEndDate" type="xs:dateTime" minOccurs="0" />
<xs:element name="projectKeywords" type="xs:string" nillable="true" minOccurs="0" maxOccurs="unbounded" />
<xs:element name="projectMainFocus" type="xs:string" minOccurs="0" />
<xs:element name="projectPerson" type="tns:person" nillable="true" minOccurs="0" maxOccurs="unbounded" />
<xs:element name="projectStartDate" type="xs:dateTime" minOccurs="0" />
<xs:element name="projectStatus" type="xs:string" minOccurs="0" />
<xs:element name="projectTitle" type="xs:string" minOccurs="0" />
<xs:element name="specimenIDs" type="xs:int" nillable="true" minOccurs="0" maxOccurs="unbounded" />
</xs:sequence>
</xs:complexType>

<xs:complexType name="infrastructure">
<xs:sequence>
<xs:element name="facilityName" type="xs:string" minOccurs="0" />
<xs:element name="infrastructureName" type="xs:string" minOccurs="0" />
<xs:element name="location" type="xs:string" minOccurs="0" />
</xs:sequence>
</xs:complexType>

<xs:complexType name="operationCompleted">
<xs:sequence>
<xs:element name="operationID" type="xs:string" minOccurs="0" />
</xs:sequence>
</xs:complexType>

<xs:complexType name="operationCompletedResponse">
<xs:sequence />
</xs:complexType>

<xs:complexType name="getComputationLoadingData">
<xs:sequence>
<xs:element name="idComputation" type="xs:string" minOccurs="0" />
</xs:sequence>
</xs:complexType>

<xs:complexType name="getComputationLoadingDataResponse">
<xs:sequence>
<xs:element name="return" type="tns:detLoadChar" minOccurs="0" maxOccurs="unbounded" />
</xs:sequence>
</xs:complexType>

<xs:complexType name="getProjectDocuments">
<xs:sequence>
<xs:element name="idProject" type="xs:string" minOccurs="0" />
</xs:sequence>
</xs:complexType>

<xs:complexType name="getProjectDocumentsResponse">
<xs:sequence>
<xs:element name="return" type="tns:document" minOccurs="0" maxOccurs="unbounded" />
</xs:sequence>
</xs:complexType>
</xs:schema>